Timestamp,Speed,RPM,Temp,Fuel,FL_Accel,FL_Gyro,FL_Susp,FL_StrainL,FL_StrainR,FR_Accel,FR_Gyro,FR_Susp,FR_StrainL,FR_StrainR,RL_Accel,RL_Gyro,RL_Susp,RL_StrainL,RL_StrainR,RR_Accel,RR_Gyro,RR_Susp,RR_StrainL,RR_StrainR,Pi_Accel,Pi_Gyro
1769907285863,0.0,0.0,0.0,0.0,0.0,0.0,0.0,0.0,0.0,0.0,0.0,13593.0,0.0,0.0,0.0,0.0,0.0,0.0,0.0,0.0,0.0,0.0,0.0,0.0,0.0,0.0
1769907285897,0.0,0.0,0.0,0.0,0.0,0.0,58389.0,0.0,0.0,0.0,0.0,13593.0,0.0,0.0,0.0,0.0,58389.0,0.0,0.0,0.0,0.0,0.0,0.0,0.0,0.0,0.0
1769907285930,0.0,0.0,0.0,0.0,0.0,0.0,58389.0,0.0,0.0,0.0,0.0,13593.0,34197.0,23632.0,0.0,0.0,31245.0,46485.0,45461.0,0.0,0.0,31245.0,45461.0,45461.0,0.0,0.0
1769907285964,0.0,0.0,0.0,0.0,0.0,0.0,58389.0,65429.0,42389.0,0.0,0.0,13593.0,34197.0,23632.0,0.0,0.0,31245.0,34709.0,45461.0,0.0,0.0,31245.0,45461.0,45461.0,0.0,0.0
1769907285998,0.0,0.0,0.0,0.0,0.0,0.0,58389.0,65429.0,42389.0,0.0,0.0,13593.0,34197.0,23632.0,0.0,0.0,31245.0,34709.0,45461.0,0.0,0.0,31245.0,45461.0,45461.0,0.0,0.0
1769907286032,0.0,0.0,0.0,0.0,0.0,0.0,58389.0,65429.0,42389.0,0.0,0.0,13593.0,34197.0,23632.0,0.0,0.0,31245.0,45461.0,45205.0,0.0,0.0,31245.0,45717.0,45205.0,0.0,0.0
1769907286067,0.0,0.0,0.0,0.0,0.0,0.0,58389.0,65429.0,42389.0,0.0,0.0,13593.0,33685.0,24144.0,0.0,0.0,58389.0,45461.0,45205.0,0.0,0.0,31245.0,45717.0,45205.0,0.0,0.0
1769907286101,0.0,0.0,0.0,0.0,0.0,0.0,58389.0,65429.0,43413.0,0.0,0.0,13593.0,33685.0,24144.0,0.0,0.0,58389.0,42133.0,46229.0,0.0,0.0,31245.0,45717.0,45205.0,0.0,0.0
1769907286135,0.0,0.0,0.0,0.0,0.0,0.0,58389.0,65429.0,43413.0,0.0,0.0,13593.0,33685.0,24144.0,0.0,0.0,31245.0,44949.0,43669.0,0.0,0.0,31245.0,46485.0,45205.0,0.0,0.0
1769907286169,0.0,0.0,0.0,0.0,0.0,0.0,58389.0,65429.0,43413.0,0.0,0.0,13593.0,33685.0,24144.0,0.0,0.0,31245.0,44949.0,43669.0,0.0,0.0,31245.0,46485.0,45205.0,0.0,0.0
1769907286204,0.0,0.0,0.0,0.0,0.0,0.0,58389.0,65429.0,43413.0,0.0,0.0,13593.0,33685.0,24144.0,0.0,0.0,58389.0,44949.0,43669.0,0.0,0.0,31245.0,46485.0,45205.0,0.0,0.0
1769907286238,0.0,0.0,0.0,0.0,0.0,0.0,58389.0,65429.0,43413.0,0.0,0.0,13593.0,33173.0,54863.0,0.0,0.0,31245.0,45205.0,44437.0,0.0,0.0,31245.0,46997.0,43925.0,0.0,0.0
1769907286273,0.0,0.0,0.0,0.0,0.0,0.0,58389.0,63381.0,44181.0,0.0,0.0,13593.0,33173.0,54863.0,0.0,0.0,31245.0,41877.0,46485.0,0.0,0.0,31245.0,46997.0,43925.0,0.0,0.0
1769907286306,0.0,0.0,0.0,0.0,0.0,0.0,58389.0,63381.0,44181.0,0.0,0.0,13593.0,33173.0,54863.0,0.0,0.0,31245.0,41877.0,46485.0,0.0,0.0,31245.0,46997.0,43925.0,0.0,0.0
1769907286340,0.0,0.0,0.0,0.0,0.0,0.0,58389.0,63381.0,44181.0,0.0,0.0,13593.0,33173.0,54863.0,0.0,0.0,31245.0,46229.0,44949.0,0.0,0.0,31245.0,44693.0,45205.0,0.0,0.0
1769907286375,0.0,0.0,0.0,0.0,0.0,0.0,58389.0,63381.0,44181.0,0.0,0.0,13593.0,33941.0,23632.0,0.0,0.0,58389.0,46229.0,44949.0,0.0,0.0,31245.0,44693.0,45205.0,0.0,0.0
1769907286409,0.0,0.0,0.0,0.0,0.0,0.0,58389.0,65429.0,43413.0,0.0,0.0,13593.0,33941.0,23632.0,0.0,0.0,58389.0,42901.0,44949.0,0.0,0.0,31245.0,44693.0,45205.0,0.0,0.0
1769907286443,0.0,0.0,0.0,0.0,0.0,0.0,58389.0,65429.0,43413.0,0.0,0.0,13593.0,33941.0,23632.0,0.0,0.0,31245.0,44949.0,44949.0,0.0,0.0,31245.0,45717.0,44949.0,0.0,0.0
1769907286476,0.0,0.0,0.0,0.0,0.0,0.0,58389.0,65429.0,43413.0,0.0,0.0,13593.0,33941.0,23632.0,0.0,0.0,31245.0,44949.0,44949.0,0.0,0.0,31245.0,45717.0,44949.0,0.0,0.0
1769907286510,0.0,0.0,0.0,0.0,0.0,0.0,58389.0,65429.0,43413.0,0.0,0.0,13593.0,33941.0,23632.0,0.0,0.0,58389.0,44949.0,44949.0,0.0,0.0,31245.0,45717.0,44949.0,0.0,0.0
1769907286544,0.0,0.0,0.0,0.0,0.0,0.0,58389.0,65429.0,43413.0,0.0,0.0,13593.0,33429.0,24400.0,0.0,0.0,58389.0,44949.0,44949.0,0.0,0.0,31245.0,42645.0,45205.0,0.0,0.0
1769907286578,0.0,0.0,0.0,0.0,0.0,0.0,58389.0,65429.0,42389.0,0.0,0.0,13593.0,33429.0,24400.0,0.0,0.0,31245.0,41877.0,44693.0,0.0,0.0,31245.0,42645.0,45205.0,0.0,0.0
1769907286612,0.0,0.0,0.0,0.0,0.0,0.0,58389.0,65429.0,42389.0,0.0,0.0,13593.0,33429.0,24400.0,0.0,0.0,31245.0,41877.0,44693.0,0.0,0.0,31245.0,42645.0,45205.0,0.0,0.0
1769907286646,0.0,0.0,0.0,0.0,0.0,0.0,58389.0,65429.0,42389.0,0.0,0.0,13593.0,33429.0,24400.0,0.0,0.0,31245.0,41877.0,44693.0,0.0,0.0,31245.0,42645.0,45205.0,0.0,0.0
1769907286680,0.0,0.0,0.0,0.0,0.0,0.0,58389.0,65429.0,42389.0,0.0,0.0,13593.0,34453.0,23120.0,0.0,3.2253E-319,58389.0,43669.0,45461.0,0.0,0.0,31245.0,44949.0,45717.0,0.0,0.0
1769907286714,0.0,0.0,0.0,0.0,0.0,0.0,58389.0,65429.0,45461.0,0.0,0.0,13593.0,34453.0,23120.0,0.0,3.2253E-319,58389.0,42901.0,44949.0,0.0,0.0,31245.0,44949.0,45717.0,0.0,0.0
1769907286748,0.0,0.0,0.0,0.0,0.0,0.0,58389.0,65429.0,45461.0,0.0,0.0,13593.0,34453.0,23120.0,0.0,3.2253E-319,58389.0,42901.0,44949.0,0.0,0.0,31245.0,44949.0,45717.0,0.0,0.0
1769907286782,0.0,0.0,0.0,0.0,0.0,0.0,58389.0,65429.0,45461.0,0.0,0.0,13593.0,34453.0,23120.0,0.0,0.0,31245.0,45973.0,45461.0,0.0,0.0,31245.0,46485.0,45973.0,0.0,0.0
1769907286815,0.0,0.0,0.0,0.0,0.0,0.0,58389.0,65429.0,45461.0,0.0,0.0,13593.0,34453.0,23120.0,0.0,0.0,58389.0,45973.0,45461.0,0.0,0.0,31245.0,46485.0,45973.0,0.0,0.0
1769907286849,0.0,0.0,0.0,0.0,0.0,0.0,58389.0,65429.0,45461.0,0.0,0.0,13593.0,31637.0,23632.0,0.0,0.0,58389.0,45973.0,45461.0,0.0,0.0,31245.0,46485.0,45973.0,0.0,0.0
1769907286883,0.0,0.0,0.0,0.0,0.0,0.0,58389.0,65429.0,42645.0,0.0,0.0,13593.0,31637.0,23632.0,0.0,0.0,31245.0,43925.0,44437.0,0.0,0.0,31245.0,44181.0,44181.0,0.0,0.0
1769907286917,0.0,0.0,0.0,0.0,0.0,0.0,58389.0,65429.0,42645.0,0.0,0.0,13593.0,31637.0,23632.0,0.0,0.0,31245.0,43925.0,44437.0,0.0,0.0,31245.0,44181.0,44181.0,0.0,0.0
1769907286950,0.0,0.0,0.0,0.0,0.0,0.0,58389.0,65429.0,42645.0,0.0,0.0,13593.0,31637.0,23632.0,0.0,0.0,31245.0,43925.0,44437.0,0.0,0.0,31245.0,44181.0,44181.0,0.0,0.0
1769907286985,0.0,0.0,0.0,0.0,0.0,0.0,58389.0,65429.0,42645.0,0.0,0.0,13593.0,33173.0,29520.0,0.0,0.0,31245.0,46229.0,43925.0,0.0,0.0,31245.0,47765.0,45205.0,0.0,0.0
1769907287019,0.0,0.0,0.0,0.0,0.0,0.0,58389.0,65429.0,42645.0,0.0,0.0,13593.0,33173.0,29520.0,0.0,0.0,31245.0,41877.0,44949.0,0.0,0.0,31245.0,47765.0,45205.0,0.0,0.0
1769907287052,0.0,0.0,0.0,0.0,0.0,0.0,58389.0,65429.0,44181.0,0.0,0.0,13593.0,33173.0,29520.0,0.0,0.0,31245.0,41877.0,44949.0,0.0,0.0,31245.0,47765.0,45205.0,0.0,0.0
1769907287086,0.0,0.0,0.0,0.0,0.0,0.0,58389.0,65429.0,44181.0,0.0,0.0,13593.0,33173.0,29520.0,0.0,0.0,31245.0,43925.0,43413.0,0.0,0.0,31245.0,44949.0,44437.0,0.0,0.0
1769907287120,0.0,0.0,0.0,0.0,0.0,0.0,58389.0,65429.0,44181.0,0.0,0.0,13593.0,33173.0,29520.0,0.0,0.0,58389.0,43925.0,43413.0,0.0,0.0,31245.0,44949.0,44437.0,0.0,0.0
1769907287154,0.0,0.0,0.0,0.0,0.0,0.0,58389.0,65429.0,44181.0,0.0,0.0,13593.0,34453.0,54351.0,0.0,0.0,58389.0,43925.0,43413.0,0.0,0.0,31245.0,44949.0,44437.0,0.0,0.0
1769907287188,0.0,0.0,0.0,0.0,0.0,0.0,58389.0,65429.0,42901.0,0.0,0.0,13593.0,34453.0,54351.0,0.0,0.0,31245.0,43925.0,44949.0,0.0,0.0,31245.0,44949.0,43413.0,0.0,0.0
1769907287221,0.0,0.0,0.0,0.0,0.0,0.0,58389.0,65429.0,42901.0,0.0,0.0,13593.0,34453.0,54351.0,0.0,0.0,31245.0,43925.0,44949.0,0.0,0.0,31245.0,44949.0,43413.0,0.0,0.0
1769907287255,0.0,0.0,0.0,0.0,0.0,0.0,58389.0,65429.0,42901.0,0.0,0.0,13593.0,34453.0,54351.0,0.0,0.0,31245.0,43925.0,44949.0,0.0,0.0,31245.0,44949.0,43413.0,0.0,0.0
1769907287289,0.0,0.0,0.0,0.0,0.0,0.0,58389.0,65429.0,42901.0,0.0,0.0,13593.0,34453.0,54351.0,0.0,0.0,31245.0,46229.0,45205.0,0.0,0.0,31245.0,43413.0,43925.0,0.0,0.0
1769907287323,0.0,0.0,0.0,0.0,0.0,0.0,58389.0,65429.0,42901.0,0.0,0.0,13593.0,34965.0,23376.0,0.0,0.0,31245.0,42389.0,46485.0,0.0,0.0,31245.0,43413.0,43925.0,0.0,0.0
1769907287356,0.0,0.0,0.0,0.0,0.0,0.0,58389.0,65429.0,42901.0,0.0,0.0,13593.0,34965.0,23376.0,0.0,0.0,31245.0,42389.0,46485.0,0.0,0.0,31245.0,43413.0,43925.0,0.0,0.0
1769907287390,0.0,0.0,0.0,0.0,0.0,0.0,58389.0,65429.0,42901.0,0.0,0.0,13593.0,34965.0,23376.0,0.0,0.0,31245.0,45461.0,45205.0,0.0,0.0,31245.0,45205.0,44693.0,0.0,0.0
1769907287424,0.0,0.0,0.0,0.0,0.0,0.0,58389.0,65429.0,42901.0,0.0,0.0,13593.0,34965.0,23376.0,0.0,0.0,58389.0,45461.0,45205.0,0.0,0.0,31245.0,45205.0,44693.0,0.0,0.0
1769907287462,0.0,0.0,0.0,0.0,0.0,0.0,58389.0,65429.0,42901.0,0.0,0.0,13593.0,31893.0,23120.0,0.0,0.0,58389.0,45461.0,45205.0,0.0,0.0,31245.0,45205.0,44693.0,0.0,0.0
1769907287496,0.0,0.0,0.0,0.0,0.0,0.0,58389.0,65429.0,46485.0,0.0,0.0,13593.0,31893.0,23120.0,0.0,0.0,31245.0,44181.0,43925.0,0.0,0.0,31245.0,46997.0,44693.0,0.0,0.0
1769907287530,0.0,0.0,0.0,0.0,0.0,0.0,58389.0,65429.0,46485.0,0.0,0.0,13593.0,31893.0,23120.0,0.0,0.0,31245.0,44181.0,43925.0,0.0,0.0,31245.0,46997.0,44693.0,0.0,0.0
1769907287563,0.0,0.0,0.0,0.0,0.0,0.0,58389.0,65429.0,46485.0,0.0,0.0,13593.0,31893.0,23120.0,0.0,0.0,31245.0,44181.0,43925.0,0.0,0.0,31245.0,46997.0,44693.0,0.0,0.0
1769907287597,0.0,0.0,0.0,0.0,0.0,0.0,58389.0,65429.0,46485.0,0.0,0.0,13593.0,31893.0,23120.0,0.0,0.0,31245.0,44437.0,43925.0,0.0,0.0,31245.0,44181.0,44949.0,0.0,0.0
1769907287631,0.0,0.0,0.0,0.0,0.0,0.0,58389.0,65429.0,46485.0,0.0,0.0,13593.0,33941.0,23888.0,0.0,0.0,31245.0,41877.0,44949.0,0.0,0.0,31245.0,44181.0,44949.0,0.0,0.0
1769907287665,0.0,0.0,0.0,0.0,0.0,0.0,58389.0,64149.0,42645.0,0.0,0.0,13593.0,33941.0,23888.0,0.0,0.0,31245.0,41877.0,44949.0,0.0,0.0,31245.0,44181.0,44949.0,0.0,0.0
1769907287700,0.0,0.0,0.0,0.0,0.0,0.0,58389.0,64149.0,42645.0,0.0,0.0,13593.0,33941.0,23888.0,0.0,0.0,31245.0,44181.0,42901.0,0.0,0.0,31245.0,44949.0,42901.0,0.0,0.0
1769907287734,0.0,0.0,0.0,0.0,0.0,0.0,58389.0,64149.0,42645.0,0.0,0.0,13593.0,33941.0,23888.0,0.0,0.0,58389.0,44181.0,42901.0,0.0,0.0,31245.0,44949.0,42901.0,0.0,0.0
1769907287768,0.0,0.0,0.0,0.0,0.0,0.0,58389.0,64149.0,42645.0,0.0,0.0,13593.0,33429.0,55120.0,0.0,0.0,58389.0,44181.0,42901.0,0.0,0.0,31245.0,44949.0,42901.0,0.0,0.0
1769907287802,0.0,0.0,0.0,0.0,0.0,0.0,58389.0,65429.0,45205.0,0.0,0.0,13593.0,33429.0,55120.0,0.0,0.0,31245.0,44949.0,44181.0,0.0,0.0,31245.0,44437.0,44437.0,0.0,0.0
1769907287835,0.0,0.0,0.0,0.0,0.0,0.0,58389.0,65429.0,45205.0,0.0,0.0,13593.0,33429.0,55120.0,0.0,0.0,31245.0,44949.0,44181.0,0.0,0.0,31245.0,44437.0,44437.0,0.0,0.0
1769907287869,0.0,0.0,0.0,0.0,0.0,0.0,58389.0,65429.0,45205.0,0.0,0.0,13593.0,33429.0,55120.0,0.0,0.0,31245.0,44949.0,44181.0,0.0,0.0,31245.0,44437.0,44437.0,0.0,0.0
1769907287903,0.0,0.0,0.0,0.0,0.0,0.0,58389.0,65429.0,45205.0,0.0,0.0,13593.0,33429.0,55120.0,0.0,0.0,31245.0,45461.0,45973.0,0.0,0.0,31245.0,45461.0,44949.0,0.0,0.0
1769907287937,0.0,0.0,0.0,0.0,0.0,0.0,58389.0,65429.0,45205.0,0.0,0.0,13593.0,34965.0,53840.0,0.0,0.0,31245.0,42133.0,46229.0,0.0,0.0,31245.0,45461.0,44949.0,0.0,0.0
1769907287970,0.0,0.0,0.0,0.0,0.0,0.0,58389.0,65429.0,44693.0,0.0,0.0,13593.0,34965.0,53840.0,0.0,0.0,31245.0,42133.0,46229.0,0.0,0.0,31245.0,45461.0,44949.0,0.0,0.0
1769907288004,0.0,0.0,0.0,0.0,0.0,0.0,58389.0,65429.0,44693.0,0.0,0.0,13593.0,34965.0,53840.0,0.0,0.0,31245.0,45973.0,44693.0,0.0,0.0,31245.0,45973.0,44693.0,0.0,0.0
1769907288038,0.0,0.0,0.0,0.0,0.0,0.0,58389.0,65429.0,44693.0,0.0,0.0,13593.0,34965.0,53840.0,0.0,0.0,58389.0,45973.0,44693.0,0.0,0.0,31245.0,45973.0,44693.0,0.0,0.0
1769907288072,0.0,0.0,0.0,0.0,0.0,0.0,58389.0,65429.0,44693.0,0.0,0.0,13593.0,33429.0,23120.0,0.0,0.0,58389.0,45973.0,44693.0,0.0,0.0,31245.0,45973.0,44693.0,0.0,0.0
1769907288106,0.0,0.0,0.0,0.0,0.0,0.0,58389.0,65429.0,44181.0,0.0,0.0,13593.0,33429.0,23120.0,0.0,0.0,31245.0,46485.0,45205.0,0.0,0.0,31245.0,45205.0,44437.0,0.0,0.0
1769907288142,0.0,0.0,0.0,0.0,0.0,0.0,58389.0,65429.0,44181.0,0.0,0.0,13593.0,33429.0,23120.0,0.0,0.0,31245.0,46485.0,45205.0,0.0,0.0,31245.0,45205.0,44437.0,0.0,0.0
1769907288176,0.0,0.0,0.0,0.0,0.0,0.0,58389.0,65429.0,44181.0,0.0,0.0,13593.0,33429.0,23120.0,0.0,0.0,31245.0,46485.0,45205.0,0.0,0.0,31245.0,45205.0,44437.0,0.0,0.0
1769907288210,0.0,0.0,0.0,0.0,0.0,0.0,58389.0,65429.0,44181.0,0.0,0.0,13593.0,33429.0,23120.0,0.0,0.0,31245.0,44949.0,43669.0,0.0,0.0,31245.0,43925.0,43925.0,0.0,0.0
1769907288243,0.0,0.0,0.0,0.0,0.0,0.0,58389.0,65429.0,44181.0,0.0,0.0,13593.0,35221.0,24144.0,0.0,0.0,31245.0,42389.0,47509.0,0.0,0.0,31245.0,43925.0,43925.0,0.0,0.0
1769907288281,0.0,0.0,0.0,0.0,0.0,0.0,58389.0,65429.0,45205.0,0.0,0.0,13593.0,35221.0,24144.0,0.0,0.0,31245.0,42389.0,47509.0,0.0,0.0,31245.0,43925.0,43925.0,0.0,0.0
1769907288318,0.0,0.0,0.0,0.0,0.0,0.0,58389.0,65429.0,45205.0,0.0,0.0,13593.0,35221.0,24144.0,0.0,0.0,31245.0,45461.0,43413.0,0.0,0.0,31245.0,44181.0,43669.0,0.0,0.0
1769907288352,0.0,0.0,0.0,0.0,0.0,0.0,58389.0,65429.0,45205.0,0.0,0.0,13593.0,35221.0,24144.0,0.0,0.0,58389.0,45461.0,43413.0,0.0,0.0,31245.0,44181.0,43669.0,0.0,0.0
1769907288385,0.0,0.0,0.0,0.0,0.0,0.0,58389.0,65429.0,45205.0,0.0,0.0,13593.0,33173.0,24400.0,0.0,0.0,58389.0,45461.0,43413.0,0.0,0.0,31245.0,44181.0,43669.0,0.0,0.0
1769907288419,0.0,0.0,0.0,0.0,0.0,0.0,58389.0,65429.0,49813.0,0.0,0.0,13593.0,33173.0,24400.0,0.0,0.0,31245.0,45205.0,43669.0,0.0,0.0,31245.0,45717.0,43925.0,0.0,0.0
1769907288453,0.0,0.0,0.0,0.0,0.0,0.0,58389.0,65429.0,49813.0,0.0,0.0,13593.0,33173.0,24400.0,0.0,0.0,31245.0,45205.0,43669.0,0.0,0.0,31245.0,45717.0,43925.0,0.0,0.0
1769907288486,0.0,0.0,0.0,0.0,0.0,0.0,58389.0,65429.0,49813.0,0.0,0.0,13593.0,33173.0,24400.0,0.0,0.0,31245.0,45205.0,43669.0,0.0,0.0,31245.0,45717.0,43925.0,0.0,0.0
1769907288520,0.0,0.0,0.0,0.0,0.0,0.0,58389.0,65429.0,49813.0,0.0,0.0,13593.0,33173.0,24400.0,0.0,0.0,31245.0,45461.0,44437.0,0.0,0.0,31245.0,44949.0,44437.0,0.0,0.0
1769907288554,0.0,0.0,0.0,0.0,0.0,0.0,58389.0,65429.0,49813.0,0.0,0.0,13593.0,32917.0,23120.0,0.0,0.0,31245.0,42389.0,44949.0,0.0,0.0,31245.0,44949.0,44437.0,0.0,0.0
1769907288588,0.0,0.0,0.0,0.0,0.0,0.0,58389.0,65429.0,43925.0,0.0,0.0,13593.0,32917.0,23120.0,0.0,0.0,31245.0,42389.0,44949.0,0.0,0.0,31245.0,44949.0,44437.0,0.0,0.0
1769907288625,0.0,0.0,0.0,0.0,0.0,0.0,58389.0,65429.0,43925.0,0.0,0.0,13593.0,32917.0,23120.0,0.0,0.0,31245.0,45205.0,45461.0,0.0,0.0,31245.0,46229.0,43925.0,0.0,0.0
1769907288659,0.0,0.0,0.0,0.0,0.0,0.0,58389.0,65429.0,43925.0,0.0,0.0,13593.0,32917.0,23120.0,0.0,0.0,58389.0,45205.0,45461.0,0.0,0.0,31245.0,46229.0,43925.0,0.0,0.0
1769907288694,0.0,0.0,0.0,0.0,0.0,0.0,58389.0,65429.0,43925.0,0.0,0.0,13593.0,33429.0,27728.0,0.0,0.0,58389.0,45205.0,45461.0,0.0,0.0,31245.0,46229.0,43925.0,0.0,0.0
1769907288728,0.0,0.0,0.0,0.0,0.0,0.0,58389.0,65429.0,43413.0,0.0,0.0,13593.0,33429.0,27728.0,0.0,0.0,31245.0,45461.0,44693.0,0.0,0.0,31245.0,45717.0,44437.0,0.0,0.0
1769907288761,0.0,0.0,0.0,0.0,0.0,0.0,58389.0,65429.0,43413.0,0.0,0.0,13593.0,33429.0,27728.0,0.0,0.0,31245.0,45461.0,44693.0,0.0,0.0,31245.0,45717.0,44437.0,0.0,0.0
1769907288795,0.0,0.0,0.0,0.0,0.0,0.0,58389.0,65429.0,43413.0,0.0,0.0,13593.0,33429.0,27728.0,0.0,0.0,31245.0,45461.0,44693.0,0.0,0.0,31245.0,45717.0,44437.0,0.0,0.0
1769907288828,0.0,0.0,0.0,0.0,0.0,0.0,58389.0,65429.0,43413.0,0.0,0.0,13593.0,33685.0,24400.0,0.0,0.0,31245.0,45461.0,44181.0,0.0,0.0,31245.0,45205.0,45205.0,0.0,0.0
1769907288862,0.0,0.0,0.0,0.0,0.0,0.0,58389.0,65429.0,43413.0,0.0,0.0,13593.0,33685.0,24400.0,0.0,0.0,31245.0,42645.0,47509.0,0.0,0.0,31245.0,45205.0,45205.0,0.0,0.0
1769907288897,0.0,0.0,0.0,0.0,0.0,0.0,58389.0,65429.0,43413.0,0.0,0.0,13593.0,33685.0,24400.0,0.0,0.0,31245.0,42645.0,47509.0,0.0,0.0,31245.0,45205.0,45205.0,0.0,0.0
1769907288931,0.0,0.0,0.0,0.0,0.0,0.0,58389.0,65429.0,43413.0,0.0,0.0,13593.0,33685.0,24400.0,0.0,0.0,31245.0,44949.0,44437.0,0.0,0.0,31245.0,45205.0,45205.0,0.0,0.0
1769907288965,0.0,0.0,0.0,0.0,0.0,0.0,58389.0,65429.0,43413.0,0.0,0.0,13593.0,33685.0,24400.0,0.0,0.0,58389.0,44949.0,44437.0,0.0,0.0,31245.0,45205.0,45205.0,0.0,0.0
1769907288999,0.0,0.0,0.0,0.0,0.0,0.0,58389.0,65429.0,43413.0,0.0,0.0,13593.0,32917.0,22352.0,0.0,0.0,58389.0,44949.0,44437.0,0.0,0.0,31245.0,45205.0,45205.0,0.0,0.0
1769907289034,0.0,0.0,0.0,0.0,0.0,0.0,58389.0,65429.0,41877.0,0.0,0.0,13593.0,32917.0,22352.0,0.0,0.0,31245.0,42389.0,46485.0,0.0,0.0,31245.0,45205.0,45461.0,0.0,0.0
1769907289067,0.0,0.0,0.0,0.0,0.0,0.0,58389.0,65429.0,41877.0,0.0,0.0,13593.0,32917.0,22352.0,0.0,0.0,31245.0,45717.0,44949.0,0.0,0.0,31245.0,45205.0,45461.0,0.0,0.0
1769907289101,0.0,0.0,0.0,0.0,0.0,0.0,58389.0,65429.0,41877.0,0.0,0.0,13593.0,32917.0,22352.0,0.0,0.0,31245.0,45717.0,44949.0,0.0,0.0,31245.0,45205.0,45461.0,0.0,0.0
1769907289135,0.0,0.0,0.0,0.0,0.0,0.0,58389.0,65429.0,41877.0,0.0,0.0,13593.0,32917.0,22352.0,0.0,0.0,58389.0,45717.0,44949.0,0.0,0.0,31245.0,45205.0,45461.0,0.0,0.0
1769907289169,0.0,0.0,0.0,0.0,0.0,0.0,58389.0,65429.0,41877.0,0.0,0.0,13593.0,34709.0,22608.0,0.0,0.0,31245.0,43925.0,44949.0,0.0,0.0,31245.0,47253.0,45461.0,0.0,0.0
1769907289203,0.0,0.0,0.0,0.0,0.0,0.0,58389.0,65429.0,41877.0,0.0,0.0,13593.0,34709.0,22608.0,0.0,0.0,31245.0,43925.0,44949.0,0.0,0.0,31245.0,47253.0,45461.0,0.0,0.0
1769907289237,0.0,0.0,0.0,0.0,0.0,0.0,58389.0,65429.0,41877.0,0.0,0.0,13593.0,34709.0,22608.0,0.0,0.0,31245.0,43925.0,44949.0,0.0,0.0,31245.0,47253.0,45461.0,0.0,0.0
1769907289271,0.0,0.0,0.0,0.0,0.0,0.0,58389.0,65429.0,41877.0,0.0,0.0,13593.0,34709.0,22608.0,0.0,0.0,58389.0,45461.0,43925.0,0.0,0.0,31245.0,45461.0,44949.0,0.0,0.0
1769907289305,0.0,0.0,0.0,0.0,0.0,0.0,58389.0,65429.0,41877.0,0.0,0.0,13593.0,34197.0,23632.0,0.0,0.0,58389.0,45461.0,43925.0,0.0,0.0,31245.0,45461.0,44949.0,0.0,0.0
1769907289339,0.0,0.0,0.0,0.0,0.0,0.0,58389.0,65429.0,43669.0,0.0,0.0,13593.0,34197.0,23632.0,0.0,0.0,58389.0,40853.0,44949.0,0.0,0.0,31245.0,45461.0,44949.0,0.0,0.0
1769907289372,0.0,0.0,0.0,0.0,0.0,0.0,58389.0,65429.0,43669.0,0.0,0.0,13593.0,34197.0,23632.0,0.0,0.0,31245.0,45205.0,46229.0,0.0,0.0,31245.0,45205.0,45717.0,0.0,0.0
1769907289406,0.0,0.0,0.0,0.0,0.0,0.0,58389.0,65429.0,43669.0,0.0,0.0,13593.0,34197.0,23632.0,0.0,0.0,31245.0,45205.0,46229.0,0.0,0.0,31245.0,45205.0,45717.0,0.0,0.0
1769907289442,0.0,0.0,0.0,0.0,0.0,0.0,58389.0,65429.0,43669.0,0.0,0.0,13593.0,34197.0,23632.0,0.0,0.0,58389.0,45205.0,46229.0,0.0,0.0,31245.0,45205.0,45717.0,0.0,0.0
1769907289477,0.0,0.0,0.0,0.0,0.0,0.0,58389.0,65429.0,43669.0,0.0,0.0,13593.0,33941.0,29008.0,0.0,0.0,31245.0,41621.0,48021.0,0.0,0.0,31245.0,45973.0,44437.0,0.0,0.0
1769907289510,0.0,0.0,0.0,0.0,0.0,0.0,58389.0,65429.0,35989.0,0.0,0.0,13593.0,33941.0,29008.0,0.0,0.0,31245.0,41621.0,48021.0,0.0,0.0,31245.0,45973.0,44437.0,0.0,0.0
1769907289544,0.0,0.0,0.0,0.0,0.0,0.0,58389.0,65429.0,35989.0,0.0,0.0,13593.0,33941.0,29008.0,0.0,0.0,31245.0,41621.0,48021.0,0.0,0.0,31245.0,45973.0,44437.0,0.0,0.0
1769907289579,0.0,0.0,0.0,0.0,0.0,0.0,58389.0,65429.0,35989.0,0.0,0.0,13593.0,33941.0,29008.0,0.0,0.0,58389.0,45717.0,45205.0,0.0,0.0,31245.0,46485.0,44949.0,0.0,0.0
1769907289613,0.0,0.0,0.0,0.0,0.0,0.0,58389.0,65429.0,35989.0,0.0,0.0,13593.0,33941.0,55120.0,0.0,0.0,58389.0,45717.0,45205.0,0.0,0.0,31245.0,46485.0,44949.0,0.0,0.0
1769907289647,0.0,0.0,0.0,0.0,0.0,0.0,58389.0,65429.0,42645.0,0.0,0.0,13593.0,33941.0,55120.0,0.0,0.0,58389.0,44437.0,45717.0,0.0,0.0,31245.0,46485.0,44949.0,0.0,0.0
1769907289681,0.0,0.0,0.0,0.0,0.0,0.0,58389.0,65429.0,42645.0,0.0,0.0,13593.0,33941.0,55120.0,0.0,0.0,31245.0,45717.0,45717.0,0.0,0.0,31245.0,45973.0,45973.0,0.0,0.0
1769907289714,0.0,0.0,0.0,0.0,0.0,0.0,58389.0,65429.0,42645.0,0.0,0.0,13593.0,33941.0,55120.0,0.0,0.0,31245.0,45717.0,45717.0,0.0,0.0,31245.0,45973.0,45973.0,0.0,0.0
1769907289748,0.0,0.0,0.0,0.0,0.0,0.0,58389.0,65429.0,42645.0,0.0,0.0,13593.0,33941.0,55120.0,0.0,0.0,58389.0,45717.0,45717.0,0.0,0.0,31245.0,45973.0,45973.0,0.0,0.0
1769907289782,0.0,0.0,0.0,0.0,0.0,0.0,58389.0,65429.0,42645.0,0.0,0.0,13593.0,33941.0,24656.0,0.0,0.0,31245.0,40853.0,46741.0,0.0,0.0,31245.0,45717.0,46741.0,0.0,0.0
1769907289816,0.0,0.0,0.0,0.0,0.0,0.0,58389.0,65429.0,42645.0,0.0,0.0,13593.0,33941.0,24656.0,0.0,0.0,31245.0,40853.0,46741.0,0.0,0.0,31245.0,45717.0,46741.0,0.0,0.0
1769907289849,0.0,0.0,0.0,0.0,0.0,0.0,58389.0,65429.0,42645.0,0.0,0.0,13593.0,33941.0,24656.0,0.0,0.0,31245.0,40853.0,46741.0,0.0,0.0,31245.0,45717.0,46741.0,0.0,0.0
1769907289883,0.0,0.0,0.0,0.0,0.0,0.0,58389.0,65429.0,42645.0,0.0,0.0,13593.0,33941.0,24656.0,0.0,0.0,58389.0,43413.0,43925.0,0.0,0.0,31245.0,45717.0,44181.0,0.0,0.0
1769907289916,0.0,0.0,0.0,0.0,0.0,0.0,58389.0,65429.0,42645.0,0.0,0.0,13593.0,32917.0,55888.0,0.0,0.0,58389.0,43413.0,43925.0,0.0,0.0,31245.0,45717.0,44181.0,0.0,0.0
1769907289950,0.0,0.0,0.0,0.0,0.0,0.0,58389.0,65429.0,42133.0,0.0,0.0,13593.0,32917.0,55888.0,0.0,0.0,58389.0,41621.0,45973.0,0.0,0.0,31245.0,45717.0,44181.0,0.0,0.0
1769907289984,0.0,0.0,0.0,0.0,0.0,0.0,58389.0,65429.0,42133.0,0.0,0.0,13593.0,32917.0,55888.0,0.0,0.0,31245.0,46485.0,44181.0,0.0,0.0,31245.0,44949.0,43925.0,0.0,0.0
1769907290017,0.0,0.0,0.0,0.0,0.0,0.0,58389.0,65429.0,42133.0,0.0,0.0,13593.0,32917.0,55888.0,0.0,0.0,31245.0,46485.0,44181.0,0.0,0.0,31245.0,44949.0,43925.0,0.0,0.0
1769907290051,0.0,0.0,0.0,0.0,0.0,0.0,58389.0,65429.0,42133.0,0.0,0.0,13593.0,32917.0,55888.0,0.0,0.0,58389.0,46485.0,44181.0,0.0,0.0,31245.0,44949.0,43925.0,0.0,0.0
1769907290084,0.0,0.0,0.0,0.0,0.0,0.0,58389.0,65429.0,42133.0,0.0,0.0,13593.0,33429.0,24656.0,0.0,0.0,31245.0,42901.0,46229.0,0.0,0.0,31245.0,44949.0,44181.0,0.0,0.0
1769907290118,0.0,0.0,0.0,0.0,0.0,0.0,58389.0,65429.0,43413.0,0.0,0.0,13593.0,33429.0,24656.0,0.0,0.0,31245.0,42901.0,46229.0,0.0,0.0,31245.0,44949.0,44181.0,0.0,0.0
1769907290152,0.0,0.0,0.0,0.0,0.0,0.0,58389.0,65429.0,43413.0,0.0,0.0,13593.0,33429.0,24656.0,0.0,0.0,31245.0,42901.0,46229.0,0.0,0.0,31245.0,44949.0,44181.0,0.0,0.0
1769907290186,0.0,0.0,0.0,0.0,0.0,0.0,58389.0,65429.0,43413.0,0.0,0.0,13593.0,33429.0,24656.0,0.0,0.0,58389.0,45973.0,45205.0,0.0,0.0,31245.0,43669.0,45461.0,0.0,0.0
1769907290219,0.0,0.0,0.0,0.0,0.0,0.0,58389.0,65429.0,43413.0,0.0,0.0,13593.0,34709.0,54864.0,0.0,0.0,58389.0,45973.0,45205.0,0.0,0.0,31245.0,43669.0,45461.0,0.0,0.0
1769907290253,0.0,0.0,0.0,0.0,0.0,0.0,58389.0,65429.0,48533.0,0.0,0.0,13593.0,34709.0,54864.0,0.0,0.0,58389.0,40853.0,45973.0,0.0,0.0,31245.0,43669.0,45461.0,0.0,0.0
1769907290286,0.0,0.0,0.0,0.0,0.0,0.0,58389.0,65429.0,48533.0,0.0,0.0,13593.0,34709.0,54864.0,0.0,0.0,31245.0,44949.0,45717.0,0.0,0.0,31245.0,46741.0,45973.0,0.0,0.0
1769907290320,0.0,0.0,0.0,0.0,0.0,0.0,58389.0,65429.0,48533.0,0.0,0.0,13593.0,34709.0,54864.0,0.0,0.0,31245.0,44949.0,45717.0,0.0,0.0,31245.0,46741.0,45973.0,0.0,0.0
1769907290353,0.0,0.0,0.0,0.0,0.0,0.0,58389.0,65429.0,48533.0,0.0,0.0,13593.0,34709.0,54864.0,0.0,0.0,58389.0,44949.0,45717.0,0.0,0.0,31245.0,46741.0,45973.0,0.0,0.0
1769907290388,0.0,0.0,0.0,0.0,0.0,0.0,58389.0,65429.0,48533.0,0.0,0.0,13593.0,34709.0,54864.0,0.0,0.0,31245.0,40853.0,46485.0,0.0,0.0,31245.0,44181.0,44949.0,0.0,0.0
1769907290422,0.0,0.0,0.0,0.0,0.0,0.0,58389.0,63637.0,42645.0,0.0,0.0,13593.0,34709.0,54864.0,0.0,0.0,31245.0,40853.0,46485.0,0.0,0.0,31245.0,44181.0,44949.0,0.0,0.0
1769907290456,0.0,0.0,0.0,0.0,0.0,0.0,58389.0,63637.0,42645.0,0.0,0.0,13593.0,34709.0,54864.0,0.0,0.0,31245.0,40853.0,46485.0,0.0,0.0,31245.0,44181.0,44949.0,0.0,0.0
1769907290490,0.0,0.0,0.0,0.0,0.0,0.0,58389.0,63637.0,42645.0,0.0,0.0,13593.0,34709.0,54864.0,0.0,0.0,58389.0,45205.0,46229.0,0.0,0.0,31245.0,46229.0,44437.0,0.0,0.0
1769907290524,0.0,0.0,0.0,0.0,0.0,0.0,58389.0,63637.0,42645.0,0.0,0.0,13593.0,34197.0,23376.0,0.0,0.0,58389.0,45205.0,46229.0,0.0,0.0,31245.0,46229.0,44437.0,0.0,0.0
1769907290559,0.0,0.0,0.0,0.0,0.0,0.0,58389.0,65429.0,42901.0,0.0,0.0,13593.0,34197.0,23376.0,0.0,0.0,58389.0,34709.0,45717.0,0.0,0.0,31245.0,46229.0,44437.0,0.0,0.0
1769907290593,0.0,0.0,0.0,0.0,0.0,0.0,58389.0,65429.0,42901.0,0.0,0.0,13593.0,34197.0,23376.0,0.0,0.0,31245.0,45205.0,43925.0,0.0,0.0,31245.0,44949.0,44693.0,0.0,0.0
1769907290629,0.0,0.0,0.0,0.0,0.0,0.0,58389.0,65429.0,42901.0,0.0,0.0,13593.0,34197.0,23376.0,0.0,0.0,31245.0,45205.0,43925.0,0.0,0.0,31245.0,44949.0,44693.0,0.0,0.0
1769907290663,0.0,0.0,0.0,0.0,0.0,0.0,58389.0,65429.0,42901.0,0.0,0.0,13593.0,34197.0,23376.0,0.0,0.0,58389.0,45205.0,43925.0,0.0,0.0,31245.0,44949.0,44693.0,0.0,0.0
1769907290697,0.0,0.0,0.0,0.0,0.0,0.0,58389.0,65429.0,42901.0,0.0,0.0,13593.0,34197.0,23632.0,0.0,0.0,31245.0,41877.0,47509.0,0.0,0.0,31245.0,46485.0,45717.0,0.0,0.0
1769907290731,0.0,0.0,0.0,0.0,0.0,0.0,58389.0,65429.0,41365.0,0.0,0.0,13593.0,34197.0,23632.0,0.0,0.0,31245.0,41877.0,47509.0,0.0,0.0,31245.0,46485.0,45717.0,0.0,0.0
1769907290764,0.0,0.0,0.0,0.0,0.0,0.0,58389.0,65429.0,41365.0,0.0,0.0,13593.0,34197.0,23632.0,0.0,0.0,31245.0,41877.0,47509.0,0.0,0.0,31245.0,46485.0,45717.0,0.0,0.0
1769907290798,0.0,0.0,0.0,0.0,0.0,0.0,58389.0,65429.0,41365.0,0.0,0.0,13593.0,34197.0,23632.0,0.0,0.0,58389.0,46229.0,44949.0,0.0,0.0,31245.0,44693.0,44693.0,0.0,0.0
1769907290832,0.0,0.0,0.0,0.0,0.0,0.0,58389.0,65429.0,41365.0,0.0,0.0,13593.0,34453.0,55120.0,0.0,0.0,58389.0,46229.0,44949.0,0.0,0.0,31245.0,44693.0,44693.0,0.0,0.0
1769907290866,0.0,0.0,0.0,0.0,0.0,0.0,58389.0,65429.0,42389.0,0.0,0.0,13593.0,34453.0,55120.0,0.0,0.0,58389.0,42645.0,44437.0,0.0,0.0,31245.0,44693.0,44693.0,0.0,0.0
1769907290899,0.0,0.0,0.0,0.0,0.0,0.0,58389.0,65429.0,42389.0,0.0,0.0,13593.0,34453.0,55120.0,0.0,0.0,31245.0,45973.0,44693.0,0.0,0.0,31245.0,44437.0,44693.0,0.0,0.0
1769907290933,0.0,0.0,0.0,0.0,0.0,0.0,58389.0,65429.0,42389.0,0.0,0.0,13593.0,34453.0,55120.0,0.0,0.0,31245.0,45973.0,44693.0,0.0,0.0,31245.0,44437.0,44693.0,0.0,0.0
1769907290967,0.0,0.0,0.0,0.0,0.0,0.0,58389.0,65429.0,42389.0,0.0,0.0,13593.0,34453.0,55120.0,0.0,0.0,58389.0,45973.0,44693.0,0.0,0.0,31245.0,44437.0,44693.0,0.0,0.0
1769907291001,0.0,0.0,0.0,0.0,0.0,0.0,58389.0,65429.0,42389.0,0.0,0.0,13593.0,32149.0,25168.0,0.0,0.0,31245.0,43925.0,44693.0,0.0,0.0,31245.0,45973.0,42901.0,0.0,0.0
1769907291034,0.0,0.0,0.0,0.0,0.0,0.0,58389.0,64149.0,42133.0,0.0,0.0,13593.0,32149.0,25168.0,0.0,0.0,31245.0,43925.0,44693.0,0.0,0.0,31245.0,45973.0,42901.0,0.0,0.0
1769907291068,0.0,0.0,0.0,0.0,0.0,0.0,58389.0,64149.0,42133.0,0.0,0.0,13593.0,32149.0,25168.0,0.0,0.0,31245.0,43925.0,44693.0,0.0,0.0,31245.0,45973.0,42901.0,0.0,0.0
1769907291101,0.0,0.0,0.0,0.0,0.0,0.0,58389.0,64149.0,42133.0,0.0,0.0,13593.0,32149.0,25168.0,0.0,0.0,58389.0,43925.0,44693.0,0.0,0.0,31245.0,45461.0,45205.0,0.0,0.0
1769907291136,0.0,0.0,0.0,0.0,0.0,0.0,58389.0,64149.0,42133.0,0.0,0.0,13593.0,34965.0,55120.0,0.0,0.0,31245.0,45461.0,46229.0,0.0,0.0,31245.0,45461.0,45205.0,0.0,0.0
1769907291170,0.0,0.0,0.0,0.0,0.0,0.0,58389.0,64149.0,42133.0,0.0,0.0,13593.0,34965.0,55120.0,0.0,0.0,31245.0,42901.0,47509.0,0.0,0.0,31245.0,45461.0,45205.0,0.0,0.0
1769907291204,0.0,0.0,0.0,0.0,0.0,0.0,58389.0,65429.0,45461.0,0.0,0.0,13593.0,34965.0,55120.0,0.0,0.0,31245.0,42901.0,47509.0,0.0,0.0,31245.0,45461.0,45205.0,0.0,0.0
1769907291241,0.0,0.0,0.0,0.0,0.0,0.0,58389.0,65429.0,45461.0,0.0,0.0,13593.0,34965.0,55120.0,0.0,0.0,31245.0,44693.0,44181.0,0.0,0.0,31245.0,45205.0,43925.0,0.0,0.0
1769907291275,0.0,0.0,0.0,0.0,0.0,0.0,58389.0,65429.0,45461.0,0.0,0.0,13593.0,34965.0,55120.0,0.0,0.0,58389.0,44693.0,44181.0,0.0,0.0,31245.0,45205.0,43925.0,0.0,0.0
1769907291309,0.0,0.0,0.0,0.0,0.0,0.0,58389.0,65429.0,45461.0,0.0,0.0,13593.0,33685.0,54096.0,0.0,0.0,31245.0,44693.0,43925.0,0.0,0.0,31245.0,44693.0,43669.0,0.0,0.0
1769907291343,0.0,0.0,0.0,0.0,0.0,0.0,58389.0,65429.0,42645.0,0.0,0.0,13593.0,33685.0,54096.0,0.0,0.0,31245.0,44693.0,43925.0,0.0,0.0,31245.0,44693.0,43669.0,0.0,0.0
1769907291377,0.0,0.0,0.0,0.0,0.0,0.0,58389.0,65429.0,42645.0,0.0,0.0,13593.0,33685.0,54096.0,0.0,0.0,31245.0,44693.0,43925.0,0.0,0.0,31245.0,44693.0,43669.0,0.0,0.0
1769907291411,0.0,0.0,0.0,0.0,0.0,0.0,58389.0,65429.0,42645.0,0.0,0.0,13593.0,33685.0,54096.0,0.0,0.0,58389.0,44693.0,43925.0,0.0,0.0,31245.0,45461.0,43669.0,0.0,0.0
1769907291445,0.0,0.0,0.0,0.0,0.0,0.0,58389.0,65429.0,42645.0,0.0,0.0,13593.0,33941.0,49232.0,0.0,0.0,31245.0,44437.0,45717.0,0.0,0.0,31245.0,45461.0,42389.0,0.0,0.0
1769907291479,0.0,0.0,0.0,0.0,0.0,0.0,58389.0,65429.0,44437.0,0.0,0.0,13593.0,33941.0,49232.0,0.0,0.0,31245.0,40853.0,44949.0,0.0,0.0,31245.0,45461.0,42389.0,0.0,0.0
1769907291514,0.0,0.0,0.0,0.0,0.0,0.0,58389.0,65429.0,44437.0,0.0,0.0,13593.0,33941.0,49232.0,0.0,0.0,31245.0,40853.0,44949.0,0.0,0.0,31245.0,45461.0,42389.0,0.0,0.0
1769907291547,0.0,0.0,0.0,0.0,0.0,0.0,58389.0,65429.0,44437.0,0.0,0.0,13593.0,33941.0,49232.0,0.0,0.0,31245.0,44181.0,43669.0,0.0,0.0,31245.0,46485.0,45461.0,0.0,0.0
1769907291581,0.0,0.0,0.0,0.0,0.0,0.0,58389.0,65429.0,44437.0,0.0,0.0,13593.0,33941.0,49232.0,0.0,0.0,58389.0,44181.0,43669.0,0.0,0.0,31245.0,46485.0,45461.0,0.0,0.0
1769907291615,0.0,0.0,0.0,0.0,0.0,0.0,58389.0,65429.0,44437.0,0.0,0.0,13593.0,34197.0,48464.0,0.0,0.0,58389.0,43925.0,43925.0,0.0,0.0,31245.0,46485.0,45461.0,0.0,0.0
1769907291648,0.0,0.0,0.0,0.0,0.0,0.0,58389.0,65429.0,42901.0,0.0,0.0,13593.0,34197.0,48464.0,0.0,0.0,31245.0,44181.0,45461.0,0.0,0.0,31245.0,45205.0,45205.0,0.0,0.0
1769907291682,0.0,0.0,0.0,0.0,0.0,0.0,58389.0,65429.0,42901.0,0.0,0.0,13593.0,34197.0,48464.0,0.0,0.0,31245.0,44181.0,45461.0,0.0,0.0,31245.0,45205.0,45205.0,0.0,0.0
1769907291715,0.0,0.0,0.0,0.0,0.0,0.0,58389.0,65429.0,42901.0,0.0,0.0,13593.0,34197.0,48464.0,0.0,0.0,58389.0,44181.0,45461.0,0.0,0.0,31245.0,45205.0,45205.0,0.0,0.0
1769907291749,0.0,0.0,0.0,0.0,0.0,0.0,58389.0,65429.0,42901.0,0.0,0.0,13593.0,33429.0,24400.0,0.0,0.0,31245.0,45461.0,46229.0,0.0,0.0,31245.0,44181.0,42389.0,0.0,0.0
1769907291782,0.0,0.0,0.0,0.0,0.0,0.0,58389.0,65429.0,42901.0,0.0,0.0,13593.0,33429.0,24400.0,0.0,0.0,31245.0,40341.0,46997.0,0.0,0.0,31245.0,44181.0,42389.0,0.0,0.0
1769907291816,0.0,0.0,0.0,0.0,0.0,0.0,58389.0,65429.0,42645.0,0.0,0.0,13593.0,33429.0,24400.0,0.0,0.0,31245.0,40341.0,46997.0,0.0,0.0,31245.0,44181.0,42389.0,0.0,0.0
1769907291849,0.0,0.0,0.0,0.0,0.0,0.0,58389.0,65429.0,42645.0,0.0,0.0,13593.0,33429.0,24400.0,0.0,0.0,31245.0,46229.0,44437.0,0.0,0.0,31245.0,44437.0,45717.0,0.0,0.0
1769907291883,0.0,0.0,0.0,0.0,0.0,0.0,58389.0,65429.0,42645.0,0.0,0.0,13593.0,33429.0,24400.0,0.0,0.0,58389.0,46229.0,44437.0,0.0,0.0,31245.0,44437.0,45717.0,0.0,0.0
1769907291916,0.0,0.0,0.0,0.0,0.0,0.0,58389.0,65429.0,42645.0,0.0,0.0,13593.0,33429.0,55632.0,0.0,0.0,58389.0,46229.0,44437.0,0.0,0.0,31245.0,44437.0,45717.0,0.0,0.0
1769907291950,0.0,0.0,0.0,0.0,0.0,0.0,58389.0,65429.0,44181.0,0.0,0.0,13593.0,33429.0,55632.0,0.0,0.0,31245.0,45717.0,44181.0,0.0,0.0,31245.0,45205.0,46229.0,0.0,0.0
1769907291984,0.0,0.0,0.0,0.0,0.0,0.0,58389.0,65429.0,44181.0,0.0,0.0,13593.0,33429.0,55632.0,0.0,0.0,31245.0,45717.0,44181.0,0.0,0.0,31245.0,45205.0,46229.0,0.0,0.0
1769907292017,0.0,0.0,0.0,0.0,0.0,0.0,58389.0,65429.0,44181.0,0.0,0.0,13593.0,33429.0,55632.0,0.0,0.0,31245.0,45717.0,44181.0,0.0,0.0,31245.0,45205.0,46229.0,0.0,0.0
1769907292051,0.0,0.0,0.0,0.0,0.0,0.0,58389.0,65429.0,44181.0,0.0,0.0,13593.0,34965.0,29520.0,0.0,0.0,31245.0,46229.0,44181.0,0.0,0.0,31245.0,46485.0,44181.0,0.0,0.0
1769907292084,0.0,0.0,0.0,0.0,0.0,0.0,58389.0,65429.0,44181.0,0.0,0.0,13593.0,34965.0,29520.0,0.0,0.0,31245.0,42389.0,44693.0,0.0,0.0,31245.0,46485.0,44181.0,0.0,0.0
1769907292118,0.0,0.0,0.0,0.0,0.0,0.0,58389.0,65429.0,41109.0,0.0,0.0,13593.0,34965.0,29520.0,0.0,0.0,31245.0,42389.0,44693.0,0.0,0.0,31245.0,46485.0,44181.0,0.0,0.0
1769907292151,0.0,0.0,0.0,0.0,0.0,0.0,58389.0,65429.0,41109.0,0.0,0.0,13593.0,34965.0,29520.0,0.0,0.0,31245.0,44949.0,44949.0,0.0,0.0,31245.0,45461.0,44949.0,0.0,0.0
1769907292185,0.0,0.0,0.0,0.0,0.0,0.0,58389.0,65429.0,41109.0,0.0,0.0,13593.0,34965.0,29520.0,0.0,0.0,58389.0,44949.0,44949.0,0.0,0.0,31245.0,45461.0,44949.0,0.0,0.0
1769907292218,0.0,0.0,0.0,0.0,0.0,0.0,58389.0,65429.0,41109.0,0.0,0.0,13593.0,34965.0,54096.0,0.0,0.0,58389.0,44949.0,44949.0,0.0,0.0,31245.0,45461.0,44949.0,0.0,0.0
1769907292252,0.0,0.0,0.0,0.0,0.0,0.0,58389.0,65429.0,42901.0,0.0,0.0,13593.0,34965.0,54096.0,0.0,0.0,31245.0,46485.0,45973.0,0.0,0.0,31245.0,46229.0,44181.0,0.0,0.0
1769907292287,0.0,0.0,0.0,0.0,0.0,0.0,58389.0,65429.0,42901.0,0.0,0.0,13593.0,34965.0,54096.0,0.0,0.0,31245.0,46485.0,45973.0,0.0,0.0,31245.0,46229.0,44181.0,0.0,0.0
1769907292320,0.0,0.0,0.0,0.0,0.0,0.0,58389.0,65429.0,42901.0,0.0,0.0,13593.0,34965.0,54096.0,0.0,0.0,31245.0,46485.0,45973.0,0.0,0.0,31245.0,46229.0,44181.0,0.0,0.0
1769907292354,0.0,0.0,0.0,0.0,0.0,0.0,58389.0,65429.0,42901.0,0.0,0.0,13593.0,34965.0,54096.0,0.0,0.0,31245.0,46741.0,45461.0,0.0,0.0,31245.0,44437.0,43157.0,0.0,0.0
1769907292388,0.0,0.0,0.0,0.0,0.0,0.0,58389.0,65429.0,42901.0,0.0,0.0,13593.0,33941.0,54608.0,0.0,0.0,31245.0,42645.0,45973.0,0.0,0.0,31245.0,44437.0,43157.0,0.0,0.0
1769907292424,0.0,0.0,0.0,0.0,0.0,0.0,58389.0,65429.0,40597.0,0.0,0.0,13593.0,33941.0,54608.0,0.0,0.0,31245.0,42645.0,45973.0,0.0,0.0,31245.0,44437.0,43157.0,0.0,0.0
1769907292460,0.0,0.0,0.0,0.0,0.0,0.0,58389.0,65429.0,40597.0,0.0,0.0,13593.0,33941.0,54608.0,0.0,0.0,31245.0,46229.0,43925.0,0.0,0.0,31245.0,45717.0,43157.0,0.0,0.0
1769907292494,0.0,0.0,0.0,0.0,0.0,0.0,58389.0,65429.0,40597.0,0.0,0.0,13593.0,33941.0,54608.0,0.0,0.0,58389.0,46229.0,43925.0,0.0,0.0,31245.0,45717.0,43157.0,0.0,0.0
1769907292528,0.0,0.0,0.0,0.0,0.0,0.0,58389.0,65429.0,40597.0,0.0,0.0,13593.0,33685.0,49488.0,0.0,0.0,58389.0,46229.0,43925.0,0.0,0.0,31245.0,45717.0,43157.0,0.0,0.0
1769907292562,0.0,0.0,0.0,0.0,0.0,0.0,58389.0,65429.0,40085.0,0.0,0.0,13593.0,33685.0,49488.0,0.0,0.0,31245.0,45461.0,46229.0,0.0,0.0,31245.0,45205.0,42645.0,0.0,0.0
1769907292595,0.0,0.0,0.0,0.0,0.0,0.0,58389.0,65429.0,40085.0,0.0,0.0,13593.0,33685.0,49488.0,0.0,0.0,31245.0,45461.0,46229.0,0.0,0.0,31245.0,45205.0,42645.0,0.0,0.0
1769907292629,0.0,0.0,0.0,0.0,0.0,0.0,58389.0,65429.0,40085.0,0.0,0.0,13593.0,33685.0,49488.0,0.0,0.0,31245.0,45461.0,46229.0,0.0,0.0,31245.0,45205.0,42645.0,0.0,0.0
1769907292664,0.0,0.0,0.0,0.0,0.0,0.0,58389.0,65429.0,40085.0,0.0,0.0,13593.0,33429.0,49744.0,0.0,0.0,31245.0,45205.0,45461.0,0.0,0.0,31245.0,44181.0,45461.0,0.0,0.0
1769907292697,0.0,0.0,0.0,0.0,0.0,0.0,58389.0,65429.0,40085.0,0.0,0.0,13593.0,33429.0,49744.0,0.0,0.0,31245.0,38805.0,44949.0,0.0,0.0,31245.0,44181.0,45461.0,0.0,0.0
1769907292732,0.0,0.0,0.0,0.0,0.0,0.0,58389.0,65429.0,46997.0,0.0,0.0,13593.0,33429.0,49744.0,0.0,0.0,31245.0,38805.0,44949.0,0.0,0.0,31245.0,44181.0,45461.0,0.0,0.0
1769907292766,0.0,0.0,0.0,0.0,0.0,0.0,58389.0,65429.0,46997.0,0.0,0.0,13593.0,33429.0,49744.0,0.0,0.0,31245.0,46485.0,46997.0,0.0,0.0,31245.0,45461.0,44949.0,0.0,0.0
1769907292800,0.0,0.0,0.0,0.0,0.0,0.0,58389.0,65429.0,46997.0,0.0,0.0,13593.0,33429.0,49744.0,0.0,0.0,58389.0,46485.0,46997.0,0.0,0.0,31245.0,45461.0,44949.0,0.0,0.0
1769907292834,0.0,0.0,0.0,0.0,0.0,0.0,58389.0,65429.0,46997.0,0.0,0.0,13593.0,32917.0,55888.0,0.0,0.0,58389.0,46485.0,46997.0,0.0,0.0,31245.0,45461.0,44949.0,0.0,0.0
1769907292867,0.0,0.0,0.0,0.0,0.0,0.0,58389.0,65429.0,45205.0,0.0,0.0,13593.0,32917.0,55888.0,0.0,0.0,31245.0,45205.0,44693.0,0.0,0.0,31245.0,47509.0,45461.0,0.0,0.0
1769907292901,0.0,0.0,0.0,0.0,0.0,0.0,58389.0,65429.0,45205.0,0.0,0.0,13593.0,32917.0,55888.0,0.0,0.0,31245.0,45205.0,44693.0,0.0,0.0,31245.0,47509.0,45461.0,0.0,0.0
1769907292935,0.0,0.0,0.0,0.0,0.0,0.0,58389.0,65429.0,45205.0,0.0,0.0,13593.0,32917.0,55888.0,0.0,0.0,31245.0,45205.0,44693.0,0.0,0.0,31245.0,47509.0,45461.0,0.0,0.0
1769907292969,0.0,0.0,0.0,0.0,0.0,0.0,58389.0,65429.0,45205.0,0.0,0.0,13593.0,32917.0,55888.0,0.0,0.0,31245.0,46485.0,46741.0,0.0,0.0,31245.0,45205.0,44949.0,0.0,0.0
1769907293002,0.0,0.0,0.0,0.0,0.0,0.0,58389.0,65429.0,45205.0,0.0,0.0,13593.0,32661.0,55632.0,0.0,0.0,31245.0,41877.0,45973.0,0.0,0.0,31245.0,45205.0,44949.0,0.0,0.0
1769907293036,0.0,0.0,0.0,0.0,0.0,0.0,58389.0,65429.0,43413.0,0.0,0.0,13593.0,32661.0,55632.0,0.0,0.0,31245.0,41877.0,45973.0,0.0,0.0,31245.0,45205.0,44949.0,0.0,0.0
1769907293070,0.0,0.0,0.0,0.0,0.0,0.0,58389.0,65429.0,43413.0,0.0,0.0,13593.0,32661.0,55632.0,0.0,0.0,31245.0,43669.0,44949.0,0.0,0.0,31245.0,46229.0,45461.0,0.0,0.0
1769907293103,0.0,0.0,0.0,0.0,0.0,0.0,58389.0,65429.0,43413.0,0.0,0.0,13593.0,32661.0,55632.0,0.0,0.0,58389.0,43669.0,44949.0,0.0,0.0,31245.0,46229.0,45461.0,0.0,0.0
1769907293137,0.0,0.0,0.0,0.0,0.0,0.0,58389.0,65429.0,43413.0,0.0,0.0,13593.0,33685.0,23888.0,0.0,0.0,58389.0,43669.0,44949.0,0.0,0.0,31245.0,46229.0,45461.0,0.0,0.0
1769907293171,0.0,0.0,0.0,0.0,0.0,0.0,58389.0,65429.0,43413.0,0.0,0.0,13593.0,33685.0,23888.0,0.0,0.0,31245.0,42901.0,43925.0,0.0,0.0,31245.0,44693.0,46229.0,0.0,0.0
1769907293204,0.0,0.0,0.0,0.0,0.0,0.0,58389.0,65429.0,43413.0,0.0,0.0,13593.0,33685.0,23888.0,0.0,0.0,31245.0,42901.0,43925.0,0.0,0.0,31245.0,44693.0,46229.0,0.0,0.0
1769907293238,0.0,0.0,0.0,0.0,0.0,0.0,58389.0,65429.0,43413.0,0.0,0.0,13593.0,33685.0,23888.0,0.0,0.0,31245.0,42901.0,43925.0,0.0,0.0,31245.0,44693.0,46229.0,0.0,0.0
1769907293272,0.0,0.0,0.0,0.0,0.0,0.0,58389.0,65429.0,43413.0,0.0,0.0,13593.0,33685.0,23888.0,0.0,0.0,31245.0,42901.0,43925.0,0.0,0.0,31245.0,44693.0,44437.0,0.0,0.0
1769907293306,0.0,0.0,0.0,0.0,0.0,0.0,58389.0,65429.0,43413.0,0.0,0.0,13593.0,32149.0,38737.0,0.0,0.0,31245.0,42389.0,44949.0,0.0,0.0,31245.0,44693.0,44437.0,0.0,0.0
1769907293340,0.0,0.0,0.0,0.0,0.0,0.0,58389.0,65429.0,42389.0,0.0,0.0,13593.0,32149.0,38737.0,0.0,0.0,31245.0,42389.0,44949.0,0.0,0.0,31245.0,44693.0,44437.0,0.0,0.0
1769907293373,0.0,0.0,0.0,0.0,0.0,0.0,58389.0,65429.0,42389.0,0.0,0.0,13593.0,32149.0,38737.0,0.0,0.0,31245.0,42389.0,44949.0,0.0,0.0,31245.0,44693.0,44437.0,0.0,0.0
1769907293407,0.0,0.0,0.0,0.0,0.0,0.0,58389.0,65429.0,42389.0,0.0,0.0,13593.0,32149.0,38737.0,0.0,0.0,58389.0,45205.0,46229.0,0.0,0.0,31245.0,47765.0,43669.0,0.0,0.0
1769907293441,0.0,0.0,0.0,0.0,0.0,0.0,58389.0,65429.0,42389.0,0.0,0.0,13593.0,33685.0,54864.0,0.0,0.0,58389.0,45205.0,46229.0,0.0,0.0,31245.0,47765.0,43669.0,0.0,0.0
1769907293474,0.0,0.0,0.0,0.0,0.0,0.0,58389.0,65429.0,43669.0,0.0,0.0,13593.0,33685.0,54864.0,0.0,0.0,58389.0,42133.0,44949.0,0.0,0.0,31245.0,47765.0,43669.0,0.0,0.0
1769907293509,0.0,0.0,0.0,0.0,0.0,0.0,58389.0,65429.0,43669.0,0.0,0.0,13593.0,33685.0,54864.0,0.0,0.0,31245.0,46485.0,46485.0,0.0,0.0,31245.0,44949.0,45461.0,0.0,0.0
1769907293543,0.0,0.0,0.0,0.0,0.0,0.0,58389.0,65429.0,43669.0,0.0,0.0,13593.0,33685.0,54864.0,0.0,0.0,31245.0,46485.0,46485.0,0.0,0.0,31245.0,44949.0,45461.0,0.0,0.0
1769907293576,0.0,0.0,0.0,0.0,0.0,0.0,58389.0,65429.0,43669.0,0.0,0.0,13593.0,33685.0,54864.0,0.0,0.0,58389.0,46485.0,46485.0,0.0,0.0,31245.0,44949.0,45461.0,0.0,0.0
1769907293610,0.0,0.0,0.0,0.0,0.0,0.0,58389.0,65429.0,43669.0,0.0,0.0,13593.0,33173.0,23632.0,0.0,0.0,31245.0,40853.0,48533.0,0.0,0.0,31245.0,44949.0,45717.0,0.0,0.0
1769907293644,0.0,0.0,0.0,0.0,0.0,0.0,58389.0,65429.0,44693.0,0.0,0.0,13593.0,33173.0,23632.0,0.0,0.0,31245.0,40853.0,48533.0,0.0,0.0,31245.0,44949.0,45717.0,0.0,0.0
1769907293677,0.0,0.0,0.0,0.0,0.0,0.0,58389.0,65429.0,44693.0,0.0,0.0,13593.0,33173.0,23632.0,0.0,0.0,31245.0,40853.0,48533.0,0.0,0.0,31245.0,44949.0,45717.0,0.0,0.0
1769907293711,0.0,0.0,0.0,0.0,0.0,0.0,58389.0,65429.0,44693.0,0.0,0.0,13593.0,33173.0,23632.0,0.0,0.0,58389.0,44181.0,44437.0,0.0,0.0,31245.0,44693.0,45205.0,0.0,0.0
1769907293744,0.0,0.0,0.0,0.0,0.0,0.0,58389.0,65429.0,44693.0,0.0,0.0,13593.0,34965.0,22096.0,0.0,0.0,58389.0,44181.0,44437.0,0.0,0.0,31245.0,44693.0,45205.0,0.0,0.0
1769907293778,0.0,0.0,0.0,0.0,0.0,0.0,58389.0,65429.0,44693.0,0.0,0.0,13593.0,34965.0,22096.0,0.0,0.0,58389.0,38805.0,45973.0,0.0,0.0,31245.0,44693.0,45205.0,0.0,0.0
1769907293811,0.0,0.0,0.0,0.0,0.0,0.0,58389.0,65429.0,41109.0,0.0,0.0,13593.0,34965.0,22096.0,0.0,0.0,31245.0,44693.0,45205.0,0.0,0.0,31245.0,47253.0,44693.0,0.0,0.0
1769907293845,0.0,0.0,0.0,0.0,0.0,0.0,58389.0,65429.0,41109.0,0.0,0.0,13593.0,34965.0,22096.0,0.0,0.0,31245.0,44693.0,45205.0,0.0,0.0,31245.0,47253.0,44693.0,0.0,0.0
1769907293878,0.0,0.0,0.0,0.0,0.0,0.0,58389.0,65429.0,41109.0,0.0,0.0,13593.0,34965.0,22096.0,0.0,0.0,58389.0,44693.0,45205.0,0.0,0.0,31245.0,47253.0,44693.0,0.0,0.0
1769907293912,0.0,0.0,0.0,0.0,0.0,0.0,58389.0,65429.0,41109.0,0.0,0.0,13593.0,33941.0,55376.0,0.0,0.0,31245.0,41877.0,43669.0,0.0,0.0,31245.0,46485.0,45717.0,0.0,0.0
1769907293945,0.0,0.0,0.0,0.0,0.0,0.0,58389.0,65429.0,51349.0,0.0,0.0,13593.0,33941.0,55376.0,0.0,0.0,31245.0,41877.0,43669.0,0.0,0.0,31245.0,46485.0,45717.0,0.0,0.0
1769907293979,0.0,0.0,0.0,0.0,0.0,0.0,58389.0,65429.0,51349.0,0.0,0.0,13593.0,33941.0,55376.0,0.0,0.0,31245.0,41877.0,43669.0,0.0,0.0,31245.0,46485.0,45717.0,0.0,0.0
1769907294012,0.0,0.0,0.0,0.0,0.0,0.0,58389.0,65429.0,51349.0,0.0,0.0,13593.0,33941.0,55376.0,0.0,0.0,58389.0,45973.0,45973.0,0.0,0.0,31245.0,45205.0,45205.0,0.0,0.0
1769907294046,0.0,0.0,0.0,0.0,0.0,0.0,58389.0,65429.0,51349.0,0.0,0.0,13593.0,33173.0,54608.0,0.0,0.0,58389.0,45973.0,45973.0,0.0,0.0,31245.0,45205.0,45205.0,0.0,0.0
1769907294079,0.0,0.0,0.0,0.0,0.0,0.0,58389.0,65429.0,51349.0,0.0,0.0,13593.0,33173.0,54608.0,0.0,0.0,58389.0,40341.0,46741.0,0.0,0.0,31245.0,45205.0,45205.0,0.0,0.0
1769907294113,0.0,0.0,0.0,0.0,0.0,0.0,58389.0,65429.0,44181.0,0.0,0.0,13593.0,33173.0,54608.0,0.0,0.0,31245.0,43925.0,46229.0,0.0,0.0,31245.0,44949.0,45717.0,0.0,0.0
1769907294147,0.0,0.0,0.0,0.0,0.0,0.0,58389.0,65429.0,44181.0,0.0,0.0,13593.0,33173.0,54608.0,0.0,0.0,31245.0,43925.0,46229.0,0.0,0.0,31245.0,44949.0,45717.0,0.0,0.0
1769907294180,0.0,0.0,0.0,0.0,0.0,0.0,58389.0,65429.0,44181.0,0.0,0.0,13593.0,33173.0,54608.0,0.0,0.0,58389.0,43925.0,46229.0,0.0,0.0,31245.0,44949.0,45717.0,0.0,0.0
1769907294214,0.0,0.0,0.0,0.0,0.0,0.0,58389.0,65429.0,44181.0,0.0,0.0,13593.0,34965.0,50256.0,0.0,0.0,31245.0,42389.0,44181.0,0.0,0.0,31245.0,44437.0,45461.0,0.0,0.0
1769907294247,0.0,0.0,0.0,0.0,0.0,0.0,58389.0,65429.0,43669.0,0.0,0.0,13593.0,34965.0,50256.0,0.0,0.0,31245.0,42389.0,44181.0,0.0,0.0,31245.0,44437.0,45461.0,0.0,0.0
1769907294281,0.0,0.0,0.0,0.0,0.0,0.0,58389.0,65429.0,43669.0,0.0,0.0,13593.0,34965.0,50256.0,0.0,0.0,31245.0,42389.0,44181.0,0.0,0.0,31245.0,44437.0,45461.0,0.0,0.0
1769907294318,0.0,0.0,0.0,0.0,0.0,0.0,58389.0,65429.0,43669.0,0.0,0.0,13593.0,34965.0,50256.0,0.0,0.0,58389.0,46229.0,44437.0,0.0,0.0,31245.0,44693.0,45205.0,0.0,0.0
1769907294352,0.0,0.0,0.0,0.0,0.0,0.0,58389.0,65429.0,43669.0,0.0,0.0,13593.0,34197.0,55376.0,0.0,0.0,58389.0,46229.0,44437.0,0.0,0.0,31245.0,44693.0,45205.0,0.0,0.0
1769907294386,0.0,0.0,0.0,0.0,0.0,0.0,58389.0,65429.0,43669.0,0.0,0.0,13593.0,34197.0,55376.0,0.0,0.0,58389.0,42389.0,43413.0,0.0,0.0,31245.0,44693.0,45205.0,0.0,0.0
1769907294420,0.0,0.0,0.0,0.0,0.0,0.0,58389.0,65429.0,47253.0,0.0,0.0,13593.0,34197.0,55376.0,0.0,0.0,31245.0,44693.0,43669.0,0.0,0.0,31245.0,44949.0,44437.0,0.0,0.0
1769907294454,0.0,0.0,0.0,0.0,0.0,0.0,58389.0,65429.0,47253.0,0.0,0.0,13593.0,34197.0,55376.0,0.0,0.0,31245.0,44693.0,43669.0,0.0,0.0,31245.0,44949.0,44437.0,0.0,0.0
1769907294489,0.0,0.0,0.0,0.0,0.0,0.0,58389.0,65429.0,47253.0,0.0,0.0,13593.0,34197.0,55376.0,0.0,0.0,58389.0,44693.0,43669.0,0.0,0.0,31245.0,44949.0,44437.0,0.0,0.0
1769907294523,0.0,0.0,0.0,0.0,0.0,0.0,58389.0,65429.0,47253.0,0.0,0.0,13593.0,33429.0,23632.0,0.0,0.0,31245.0,40853.0,45973.0,0.0,0.0,31245.0,45717.0,44693.0,0.0,0.0
1769907294556,0.0,0.0,0.0,0.0,0.0,0.0,58389.0,65429.0,42389.0,0.0,0.0,13593.0,33429.0,23632.0,0.0,0.0,31245.0,40853.0,45973.0,0.0,0.0,31245.0,45717.0,44693.0,0.0,0.0
1769907294590,0.0,0.0,0.0,0.0,0.0,0.0,58389.0,65429.0,42389.0,0.0,0.0,13593.0,33429.0,23632.0,0.0,0.0,31245.0,40853.0,45973.0,0.0,0.0,31245.0,45717.0,44693.0,0.0,0.0
1769907294625,0.0,0.0,0.0,0.0,0.0,0.0,58389.0,65429.0,42389.0,0.0,0.0,13593.0,33429.0,23632.0,0.0,0.0,58389.0,46485.0,44949.0,0.0,0.0,31245.0,45461.0,43669.0,0.0,0.0
1769907294658,0.0,0.0,0.0,0.0,0.0,0.0,58389.0,65429.0,42389.0,0.0,0.0,13593.0,33941.0,29520.0,0.0,0.0,58389.0,46485.0,44949.0,0.0,0.0,31245.0,45461.0,43669.0,0.0,0.0
1769907294692,0.0,0.0,0.0,0.0,0.0,0.0,58389.0,65429.0,42389.0,0.0,0.0,13593.0,33941.0,29520.0,0.0,0.0,58389.0,40853.0,47765.0,0.0,0.0,31245.0,45461.0,43669.0,0.0,0.0
1769907294726,0.0,0.0,0.0,0.0,0.0,0.0,58389.0,65429.0,41877.0,0.0,0.0,13593.0,33941.0,29520.0,0.0,0.0,31245.0,44949.0,45717.0,0.0,0.0,31245.0,45717.0,45461.0,0.0,0.0
1769907294759,0.0,0.0,0.0,0.0,0.0,0.0,58389.0,65429.0,41877.0,0.0,0.0,13593.0,33941.0,29520.0,0.0,0.0,31245.0,44949.0,45717.0,0.0,0.0,31245.0,45717.0,45461.0,0.0,0.0
1769907294793,0.0,0.0,0.0,0.0,0.0,0.0,58389.0,65429.0,41877.0,0.0,0.0,13593.0,33941.0,29520.0,0.0,0.0,58389.0,44949.0,45717.0,0.0,0.0,31245.0,45717.0,45461.0,0.0,0.0
1769907294827,0.0,0.0,0.0,0.0,0.0,0.0,58389.0,65429.0,41877.0,0.0,0.0,13593.0,34197.0,53072.0,0.0,0.0,31245.0,40853.0,44949.0,0.0,0.0,31245.0,46229.0,44437.0,0.0,0.0
1769907294860,0.0,0.0,0.0,0.0,0.0,0.0,58389.0,65429.0,44181.0,0.0,0.0,13593.0,34197.0,53072.0,0.0,0.0,31245.0,40853.0,44949.0,0.0,0.0,31245.0,46229.0,44437.0,0.0,0.0
1769907294894,0.0,0.0,0.0,0.0,0.0,0.0,58389.0,65429.0,44181.0,0.0,0.0,13593.0,34197.0,53072.0,0.0,0.0,31245.0,40853.0,44949.0,0.0,0.0,31245.0,46229.0,44437.0,0.0,0.0
1769907294928,0.0,0.0,0.0,0.0,0.0,0.0,58389.0,65429.0,44181.0,0.0,0.0,13593.0,34197.0,53072.0,0.0,0.0,58389.0,46741.0,45717.0,0.0,0.0,31245.0,45717.0,46229.0,0.0,0.0
1769907294961,0.0,0.0,0.0,0.0,0.0,0.0,58389.0,65429.0,44181.0,0.0,0.0,13593.0,32405.0,23376.0,0.0,0.0,58389.0,46741.0,45717.0,0.0,0.0,31245.0,45717.0,46229.0,0.0,0.0
1769907294995,0.0,0.0,0.0,0.0,0.0,0.0,58389.0,65429.0,44181.0,0.0,0.0,13593.0,32405.0,23376.0,0.0,0.0,58389.0,40853.0,46485.0,0.0,0.0,31245.0,45717.0,46229.0,0.0,0.0
1769907295030,0.0,0.0,0.0,0.0,0.0,0.0,58389.0,65429.0,43669.0,0.0,0.0,13593.0,32405.0,23376.0,0.0,0.0,31245.0,45973.0,45205.0,0.0,0.0,31245.0,45717.0,43925.0,0.0,0.0
1769907295063,0.0,0.0,0.0,0.0,0.0,0.0,58389.0,65429.0,43669.0,0.0,0.0,13593.0,32405.0,23376.0,0.0,0.0,31245.0,45973.0,45205.0,0.0,0.0,31245.0,45717.0,43925.0,0.0,0.0
1769907295097,0.0,0.0,0.0,0.0,0.0,0.0,58389.0,65429.0,43669.0,0.0,0.0,13593.0,32405.0,23376.0,0.0,0.0,58389.0,45973.0,45205.0,0.0,0.0,31245.0,45717.0,43925.0,0.0,0.0
1769907295130,0.0,0.0,0.0,0.0,0.0,0.0,58389.0,65429.0,43669.0,0.0,0.0,13593.0,34453.0,29520.0,0.0,0.0,31245.0,42901.0,43925.0,0.0,0.0,31245.0,45717.0,44693.0,0.0,0.0
1769907295164,0.0,0.0,0.0,0.0,0.0,0.0,58389.0,65429.0,42645.0,0.0,0.0,13593.0,34453.0,29520.0,0.0,0.0,31245.0,42901.0,43925.0,0.0,0.0,31245.0,45717.0,44693.0,0.0,0.0
1769907295198,0.0,0.0,0.0,0.0,0.0,0.0,58389.0,65429.0,42645.0,0.0,0.0,13593.0,34453.0,29520.0,0.0,0.0,31245.0,42901.0,43925.0,0.0,0.0,31245.0,45717.0,44693.0,0.0,0.0
1769907295232,0.0,0.0,0.0,0.0,0.0,0.0,58389.0,65429.0,42645.0,0.0,0.0,13593.0,34453.0,29520.0,0.0,0.0,31245.0,44437.0,45717.0,0.0,0.0,31245.0,44437.0,45205.0,0.0,0.0
1769907295266,0.0,0.0,0.0,0.0,0.0,0.0,58389.0,65429.0,42645.0,0.0,0.0,13593.0,33429.0,53840.0,0.0,0.0,31245.0,44437.0,45717.0,0.0,0.0,31245.0,44437.0,45205.0,0.0,0.0
1769907295300,0.0,0.0,0.0,0.0,0.0,0.0,58389.0,65429.0,42645.0,0.0,0.0,13593.0,33429.0,53840.0,0.0,0.0,31245.0,42645.0,46229.0,0.0,0.0,31245.0,44437.0,45205.0,0.0,0.0
1769907295333,0.0,0.0,0.0,0.0,0.0,0.0,58389.0,65429.0,42133.0,0.0,0.0,13593.0,33429.0,53840.0,0.0,0.0,31245.0,42645.0,46229.0,0.0,0.0,31245.0,44437.0,45205.0,0.0,0.0
1769907295369,0.0,0.0,0.0,0.0,0.0,0.0,58389.0,65429.0,42133.0,0.0,0.0,13593.0,33429.0,53840.0,0.0,0.0,31245.0,44437.0,42389.0,0.0,0.0,31245.0,45205.0,44693.0,0.0,0.0
1769907295402,0.0,0.0,0.0,0.0,0.0,0.0,58389.0,65429.0,42133.0,0.0,0.0,13593.0,33429.0,53840.0,0.0,0.0,58389.0,44437.0,42389.0,0.0,0.0,31245.0,45205.0,44693.0,0.0,0.0
1769907295436,0.0,0.0,0.0,0.0,0.0,0.0,58389.0,65429.0,42133.0,0.0,0.0,13593.0,33173.0,54864.0,0.0,0.0,58389.0,42389.0,46997.0,0.0,0.0,31245.0,45205.0,44693.0,0.0,0.0
1769907295469,0.0,0.0,0.0,0.0,0.0,0.0,58389.0,65429.0,45461.0,0.0,0.0,13593.0,33173.0,54864.0,0.0,0.0,31245.0,45205.0,43413.0,0.0,0.0,31245.0,44949.0,45973.0,0.0,0.0
1769907295503,0.0,0.0,0.0,0.0,0.0,0.0,58389.0,65429.0,45461.0,0.0,0.0,13593.0,33173.0,54864.0,0.0,0.0,31245.0,45205.0,43413.0,0.0,0.0,31245.0,44949.0,45973.0,0.0,0.0
1769907295537,0.0,0.0,0.0,0.0,0.0,0.0,58389.0,65429.0,45461.0,0.0,0.0,13593.0,33173.0,54864.0,0.0,0.0,58389.0,45205.0,43413.0,0.0,0.0,31245.0,44949.0,45973.0,0.0,0.0
1769907295570,0.0,0.0,0.0,0.0,0.0,0.0,58389.0,65429.0,45461.0,0.0,0.0,13593.0,33173.0,54864.0,0.0,0.0,31245.0,44181.0,43669.0,0.0,0.0,31245.0,45973.0,44693.0,0.0,0.0
1769907295604,0.0,0.0,0.0,0.0,0.0,0.0,58389.0,65429.0,45461.0,0.0,0.0,13593.0,33429.0,6993.0,0.0,0.0,31245.0,41877.0,44693.0,0.0,0.0,31245.0,45973.0,44693.0,0.0,0.0
1769907295637,0.0,0.0,0.0,0.0,0.0,0.0,58389.0,65429.0,41621.0,0.0,0.0,13593.0,33429.0,6993.0,0.0,0.0,31245.0,41877.0,44693.0,0.0,0.0,31245.0,45973.0,44693.0,0.0,0.0
1769907295671,0.0,0.0,0.0,0.0,0.0,0.0,58389.0,65429.0,41621.0,0.0,0.0,13593.0,33429.0,6993.0,0.0,0.0,31245.0,46485.0,46229.0,0.0,0.0,31245.0,44437.0,44949.0,0.0,0.0
1769907295704,0.0,0.0,0.0,0.0,0.0,0.0,58389.0,65429.0,41621.0,0.0,0.0,13593.0,33429.0,6993.0,0.0,0.0,58389.0,46485.0,46229.0,0.0,0.0,31245.0,44437.0,44949.0,0.0,0.0
1769907295738,0.0,0.0,0.0,0.0,0.0,0.0,58389.0,65429.0,41621.0,0.0,0.0,13593.0,34197.0,23120.0,0.0,0.0,58389.0,46485.0,46229.0,0.0,0.0,31245.0,44437.0,44949.0,0.0,0.0
1769907295771,0.0,0.0,0.0,0.0,0.0,0.0,58389.0,65429.0,43157.0,0.0,0.0,13593.0,34197.0,23120.0,0.0,0.0,31245.0,44437.0,44949.0,0.0,0.0,31245.0,44181.0,44437.0,0.0,0.0
1769907295805,0.0,0.0,0.0,0.0,0.0,0.0,58389.0,65429.0,43157.0,0.0,0.0,13593.0,34197.0,23120.0,0.0,0.0,31245.0,44437.0,44949.0,0.0,0.0,31245.0,44181.0,44437.0,0.0,0.0
1769907295838,0.0,0.0,0.0,0.0,0.0,0.0,58389.0,65429.0,43157.0,0.0,0.0,13593.0,34197.0,23120.0,0.0,0.0,31245.0,44437.0,44949.0,0.0,0.0,31245.0,44181.0,44437.0,0.0,0.0
1769907295872,0.0,0.0,0.0,0.0,0.0,0.0,58389.0,65429.0,43157.0,0.0,0.0,13593.0,34197.0,23120.0,0.0,0.0,31245.0,43413.0,45461.0,0.0,0.0,31245.0,45973.0,44693.0,0.0,0.0
1769907295905,0.0,0.0,0.0,0.0,0.0,0.0,58389.0,65429.0,43157.0,0.0,0.0,13593.0,33429.0,37457.0,0.0,0.0,31245.0,40341.0,46229.0,0.0,0.0,31245.0,45973.0,44693.0,0.0,0.0
1769907295939,0.0,0.0,0.0,0.0,0.0,0.0,58389.0,65429.0,44181.0,0.0,0.0,13593.0,33429.0,37457.0,0.0,0.0,31245.0,40341.0,46229.0,0.0,0.0,31245.0,45973.0,44693.0,0.0,0.0
1769907295972,0.0,0.0,0.0,0.0,0.0,0.0,58389.0,65429.0,44181.0,0.0,0.0,13593.0,33429.0,37457.0,0.0,0.0,31245.0,45717.0,44693.0,0.0,0.0,31245.0,45461.0,43669.0,0.0,0.0
1769907296006,0.0,0.0,0.0,0.0,0.0,0.0,58389.0,65429.0,44181.0,0.0,0.0,13593.0,33429.0,37457.0,0.0,0.0,58389.0,45717.0,44693.0,0.0,0.0,31245.0,45461.0,43669.0,0.0,0.0
1769907296039,0.0,0.0,0.0,0.0,0.0,0.0,58389.0,65429.0,44181.0,0.0,0.0,13593.0,32917.0,23120.0,0.0,0.0,58389.0,45717.0,44693.0,0.0,0.0,31245.0,45461.0,43669.0,0.0,0.0
1769907296073,0.0,0.0,0.0,0.0,0.0,0.0,58389.0,65429.0,44181.0,0.0,0.0,13593.0,32917.0,23120.0,0.0,0.0,31245.0,45461.0,46229.0,0.0,0.0,31245.0,45461.0,43413.0,0.0,0.0
1769907296106,0.0,0.0,0.0,0.0,0.0,0.0,58389.0,65429.0,43669.0,0.0,0.0,13593.0,32917.0,23120.0,0.0,0.0,31245.0,45461.0,46229.0,0.0,0.0,31245.0,45461.0,43413.0,0.0,0.0
1769907296140,0.0,0.0,0.0,0.0,0.0,0.0,58389.0,65429.0,43669.0,0.0,0.0,13593.0,32917.0,23120.0,0.0,0.0,31245.0,45461.0,46229.0,0.0,0.0,31245.0,45461.0,43413.0,0.0,0.0
1769907296174,0.0,0.0,0.0,0.0,0.0,0.0,58389.0,65429.0,43669.0,0.0,0.0,13593.0,32917.0,23120.0,0.0,0.0,31245.0,45461.0,46485.0,0.0,0.0,31245.0,45205.0,45205.0,0.0,0.0
1769907296207,0.0,0.0,0.0,0.0,0.0,0.0,58389.0,65429.0,43669.0,0.0,0.0,13593.0,32661.0,24656.0,0.0,0.0,31245.0,40853.0,45717.0,0.0,0.0,31245.0,45205.0,45205.0,0.0,0.0
1769907296241,0.0,0.0,0.0,0.0,0.0,0.0,58389.0,65429.0,43413.0,0.0,0.0,13593.0,32661.0,24656.0,0.0,0.0,31245.0,40853.0,45717.0,0.0,0.0,31245.0,45205.0,45205.0,0.0,0.0
1769907296274,0.0,0.0,0.0,0.0,0.0,0.0,58389.0,65429.0,43413.0,0.0,0.0,13593.0,32661.0,24656.0,0.0,0.0,31245.0,46741.0,45461.0,0.0,0.0,31245.0,46741.0,45461.0,0.0,0.0
1769907296308,0.0,0.0,0.0,0.0,0.0,0.0,58389.0,65429.0,43413.0,0.0,0.0,13593.0,32661.0,24656.0,0.0,0.0,58389.0,46741.0,45461.0,0.0,0.0,31245.0,46741.0,45461.0,0.0,0.0
